Product;Product Short Description;LBrand
2256920228;Avourel Norhice Elwortho;5
2259157408;Aimer Zumlana Khyaenic;5
2576270000;Alernos Tanyl Palee;5
2585460000;Aimer Zumlana Tanyl Wranditha;5
2616090000;Lethonel Chaexisys Elidyr Ravawarin;5
2617610000;Avourel Norhice Hagmar Trakrana;5
2617620000;Tanyl Wranditha Syvis Para;5
2617630000;Ciliren Raloric Ergoenal;5
2617640000;Tanyl Palee Travaran Qinwenys;5
2618340000;Emmyth Genquinal Alluin Balsatra;5
1140310000;Theodred Bisatra Ciliren Raloric;5
1140320000;Theodred Bisatra Naeeaen;5
2595640000;Elwortho Kilyn Genharice;5
1125750000;Nopsrin Tanyth Adris;5
9761863396;Emmyth Holaven Lyaidrach;5
2230127021;Nopsrin Hagmar Trakrana;5
2608710000;Travaran Qinwenys Emmyth Holaven;5
1131930000;Tanyl Palee Aubron Ravayra;5
2506650000;Juprel Hywen;5
2618370000;Aubron Ravayra Tannyll Elanorin;5
2600910000;Travaran Qinwenys Aimer Zumlana;5
2594870000;Emmyth Genquinal Felaern Ilimaer;5
2617920000;Halueve Xyrgeiros Nethi;5
2608540000;Theodred Bisatra Khyaenic;5
2585840000;Felaern Ilimaer Gormar Keasalor;5
2604560000;Kilyn Genharice Esecar;5
2600440000;Phraan Gilrora Galan Bryneiros;5
1138220000;Theodred Bisatra Venali Helerona;5
2607650000;Respen Beinan Tanyl Wranditha;5
2616100000;Raiaril Aimer Zumlana;5
2617510000;Lyaidrach Raiaril;5
2617650000;Ciliren Raloric Emmyth Holaven;5
2606810000;Ilorissa Larongar Zylwynn;5
2506310000;Alluin Payarus Emmyth Genquinal;5
2667630000;Kilyn Genharice Emmyth Genquinal;5
2667660000;Theodred Bisatra Naeeaen;5
2522000000;Elwortho Elwortho;5
2608570000;Yroll Emmyth Holaven;5
1140960000;Respen Beinan Lymalla;5
1132320000;Larongar Zylwynn Halueve Xyrgeiros;5
2666330000;Taeral Naezana Venali Helerona;5
2581160000;Naeeaen Tanyl Palee;5
2607960000;Omcia Tannyll Elanorin;5
2594630000;Ergoenal Raiaril;5
2665470000;Travaran Qinwenys Avourel Norhice;5
2522100000;Omcia Emmyth Holaven;5
2665480000;Theodred Bisatra Hywen;5
1127880000;Raiaril Phraan Gilrora;5
2578860000;Aher Aimer Zumlana;5
2221761869;Ilorissa Lethonel Chaexisys;5
2224227015;Aimer Zumlana Tanyl Wranditha;5
2265526045;Emmyth Genquinal Tannyll Elanorin;5
2265532382;Gorre Xilven Hagmar Trakrana;5
2667860000;Juprel Elwortho;5
1131970000;Venali Helerona Lymalla;5
2600660000;Alluin Payarus Tanyth Grestina;5
1131990000;Gorre Xilven Khyaenic;5
1131870000;Tanyth Adris Juprel;5
2619350000;Lhoris Aeroris Respen Beinan;5
2622350000;Taeral Naezana Ergoenal;5
1131800000;Galan Bryneiros Gorre Xilven;5
1147830000;Nethi Larongar Zylwynn;5
2665420000;Itham Fardi Felaern Ilimaer;5
3307430000;Phraan Gilrora Tannyll Elanorin;5
1131940000;Nethi Ilorissa;5
2662100000;Juprel Elroaen;5
3255230000;Nuvian Qivyre Respen Beinan;5
1148440000;Tanyth Adris Theodre Uritoris;5
1127860000;Khyaenic Larongar Zylwynn;5
1147780000;Kilyn Genharice Omcia;5
1131880000;Elidyr Ravawarin Ciliren Raloric;5
3314740000;Elroaen Emmyth Genquinal;5
1125760000;Avourel Norhice Lymalla;5
2572240000;Khyaenic Nopsrin;5
2577000000;Itham Fardi Tanyth Adris;5
2616120000;Tanyl Wranditha Ergoenal;5
1131830000;Aubron Ravayra Isilynor Bineiros;5
3321710000;Aher Elroaen;5
3380250000;Itham Fardi Hagmar Trakrana;5
1127870000;Venali Helerona Theodre Uritoris;5
2578740000;Naeeaen Elidyr Ravawarin;5
2607620000;Theodred Bisatra Phraan Gilrora;5
1138250000;Ciliren Raloric Felaern Ilimaer;5
3380310000;Aubron Ravayra Tannyll Elanorin;5
2575510000;Hagmar Trakrana Emmyth Holaven;5
2602260000;Ergoenal Raiaril;5
1140230000;Aubron Ravayra Isilynor Bineiros;5
3308060000;Galan Bryneiros Omcia;5
2588140000;Syvis Para Ruehnar Dorren;5
1142680000;Aubron Ravayra Isilynor Bineiros;5
2261990031;Arteyrria Lhoris Aeroris;5
2666750000;Ruehnar Dorren Aubron Ravayra;5
2741280000;Arteyrria Lyaidrach;5
2603780000;Aimon Mirahice Alluin Balsatra;5
1139440000;Syvis Para Tannyll Elanorin;5
2607640000;Daridia Elidyr Ravawarin;5
2742520000;Lethonel Chaexisys Hywen;5
2602870000;Gormar Keasalor Tanyl Wranditha;5
2598060000;Venali Helerona Khyaenic;5
2662430000;Nopsrin Larongar Zylwynn;5
2604480000;Yroll Hagmar Trakrana;5
2603950000;Lyaidrach Mnementh Elric;5
1131840000;Lhoris Aeroris Respen Beinan;5
2665670000;Aimon Mirahice Theodred Bisatra;5
2667560000;Isilynor Bineiros Lethonel Chaexisys;5
2734160000;Omcia Emmyth Holaven;5
2599250000;Aher Arteyrria;5
2735880000;Lymalla Esecar;5
2741300000;Respen Beinan Daridia;5
2667810000;Tanyl Wranditha Nopsrin;5
2625540000;Emmyth Genquinal Travaran Qinwenys;5
2600670000;Ergoenal Syvis Para;5
2741880000;Ailluin Glynrona Aher;5
2622640000;Lyaidrach Raiaril;5
2606750000;Hywen Emmyth Holaven;5
2616140000;Raiaril Aher;5
2595050000;Larongar Zylwynn Theodred Bisatra;5
2742540000;Tanyl Wranditha Aimon Mirahice;5
2606660000;Aimer Zumlana Gormar Keasalor;5
2741910000;Tanyl Wranditha Lymalla;5
2619470000;Galan Bryneiros Esecar;5
2668160000;Hagmar Trakrana Nuvian Qivyre;5
2733800000;Arteyrria Tanyth Adris;5
2594360000;Aimer Zumlana Tanyl Wranditha;5
2586070000;Felaern Ilimaer Aimer Zumlana;5
2575280000;Respen Beinan Yroll;5
2741850000;Phraan Gilrora Yroll;5
2742160000;Yroll Hagmar Trakrana;5
2603760000;Theodre Uritoris Nopsrin;5
2600490000;Larongar Zylwynn Galan Bryneiros;5
2576000000;Ilorissa Alluin Payarus;5
2617270000;Syvis Para Vulwin Ianxisys;5
1138380000;Alernos Nopsrin;5
2604550000;Kilyn Genharice Lethonel Chaexisys;5
2742470000;Elroaen Elwortho;5
1138860000;Tanyth Adris Alernos;5
2604790000;Aimer Zumlana Isilynor Bineiros;5
1139460000;Halueve Xyrgeiros Nethi;5
1139220000;Alluin Balsatra Raiaril;5
1138210000;Avourel Norhice Arteyrria;5
1138650000;Gorre Xilven Gorre Xilven;5
2574830000;Alluin Payarus Halueve Xyrgeiros;5
3310210000;Phraan Gilrora Tannyll Elanorin;5
1138850000;Theodre Uritoris Lhoris Aeroris;5
9816958422;Larongar Zylwynn Kilyn Genharice;5
2257078662;Avourel Norhice Nethi;5
2262116685;Gorre Xilven Galan Bryneiros;5
2221349885;Juprel Hywen;5
2241958187;Aher Elwortho;5
2243213174;Nethi Emmyth Genquinal;5
2264094854;Galan Bryneiros Aimon Mirahice;5
2264089784;Elwortho Aubron Ravayra;5
2619940000;Felaern Ilimaer Elwortho;5
2585700000;Yroll Vulwin Ianxisys;5
2586500000;Halueve Xyrgeiros Itham Fardi;5
2574110000;Itham Fardi Alluin Payarus;5
2574170000;Tanyth Grestina Aimon Mirahice;5
2513410000;Avourel Norhice Arteyrria;5
2572120000;Raiaril Ailluin Glynrona;5
2574650000;Aimer Zumlana Felaern Ilimaer;5
2586040000;Respen Beinan Emmyth Holaven;5
2586970000;Galan Bryneiros Omcia;5
2513260000;Ilorissa Avourel Norhice;5
2607340000;Itham Fardi Venali Helerona;5
2607590000;Juprel Lymalla;5
2617430000;Halueve Xyrgeiros Elwortho;5
2617310000;Elidyr Ravawarin Aubron Ravayra;5
2616210000;Ilorissa Alernos;5
3174380000;Phraan Gilrora Aimer Zumlana;5
2617480000;Respen Beinan Raiaril;5
2620610000;Larongar Zylwynn Tanyl Wranditha;5
2629710000;Aimer Zumlana Isilynor Bineiros;5
2629780000;Itham Fardi Raiaril;5
3308020000;Tanyth Adris Mnementh Elric;5
2623070000;Ciliren Raloric Nuvian Qivyre;5
2618350000;Nopsrin Hywen;5
2618470000;Aubron Ravayra Avourel Norhice;5
1139240000;Larongar Zylwynn Syvis Para;5
3321600000;Mnementh Elric Ilorissa;5
3311300000;Isilynor Bineiros Tanyth Adris;5
3309130000;Ciliren Raloric Tanyth Grestina;5
1140840000;Esecar Lyaidrach;5
3321590000;Mnementh Elric Omcia;5
3308040000;Lethonel Chaexisys Nuvian Qivyre;5
3308310000;Raiaril Ailluin Glynrona;5
3309140000;Lhoris Aeroris Vulwin Ianxisys;5
3311240000;Tannyll Elanorin Lymalla;5
1140570000;Alluin Payarus Larongar Zylwynn;5
1140880000;Avourel Norhice Tannyll Elanorin;5
1147810000;Ergoenal Syvis Para;5
1147700000;Ilorissa Omcia;5
1147720000;Vulwin Ianxisys Theodre Uritoris;5
1148560000;Naeeaen Nethi;5
1141820000;Alernos Aimer Zumlana;5
2261704885;Emmyth Genquinal Alluin Balsatra;5
2246159892;Respen Beinan Tannyll Elanorin;5
2576730000;Taeral Naezana Taeral Naezana;5
2574120000;Ailluin Glynrona Omcia;5
2629730000;Galan Bryneiros Esecar;5
3460910000;Tanyth Grestina Aimon Mirahice;5
2619310000;Hywen Aimon Mirahice;5
2618140000;Travaran Qinwenys Ailluin Glynrona;5
2664150000;Gorre Xilven Aimon Mirahice;5
2665760000;Hywen Arteyrria;5
2603470000;Ciliren Raloric Emmyth Holaven;5
2664180000;Ergoenal Elidyr Ravawarin;5
2627450000;Ciliren Raloric Ilorissa;5
2606740000;Nuvian Qivyre Venali Helerona;5
2607120000;Syvis Para Ruehnar Dorren;5
2506680000;Omcia Aher;5
2607370000;Phraan Gilrora Tanyth Adris;5
2627180000;Tanyl Wranditha Hagmar Trakrana;5
2629760000;Ciliren Raloric Theodre Uritoris;5
2607110000;Juprel Raiaril;5
2607160000;Elwortho Elwortho;5
2624140000;Tanyl Wranditha Lymalla;5
2522220000;Theodred Bisatra Lymalla;5
2630700000;Alernos Omcia;5
2607410000;Arteyrria Lyaidrach;5
2741960000;Ruehnar Dorren Khyaenic;5
2607140000;Itham Fardi Emmyth Genquinal;5
2665270000;Nuvian Qivyre Respen Beinan;5
2244867002;Emmyth Holaven Tanyl Wranditha;5
2256894885;Venali Helerona Felaern Ilimaer;5
2268010221;Taeral Naezana Nethi;5
2268206673;Syvis Para Aher;5
2574130000;Naeeaen Syvis Para;5
2577470000;Syvis Para Omcia;5
2666390000;Hywen Emmyth Holaven;5
2667940000;Raiaril Aher;5
2603940000;Travaran Qinwenys Ailluin Glynrona;5
2666580000;Avourel Norhice Aher;5
2668090000;Raiaril Tannyll Elanorin;5
2682020000;Raiaril Elroaen;5
2735550000;Arteyrria Vulwin Ianxisys;5
3319800000;Daridia Elidyr Ravawarin;5
2597120000;Syvis Para Tannyll Elanorin;5
2607600000;Hywen Aimon Mirahice;5
2603020000;Venali Helerona Alernos;5
2600330000;Galan Bryneiros Aubron Ravayra;5
2666370000;Alernos Theodre Uritoris;5
1138260000;Omcia Tanyl Palee;5
1131820000;Elroaen Hagmar Trakrana;5
2661300000;Vulwin Ianxisys Ailluin Glynrona;5
2681940000;Ergoenal Travaran Qinwenys;5
2661170000;Daridia Aimer Zumlana;5
2607610000;Ailluin Glynrona Alluin Payarus;5
2735650000;Lhoris Aeroris Taeral Naezana;5
2665120000;Ergoenal Hagmar Trakrana;5
2665610000;Ergoenal Juprel;5
2667470000;Phraan Gilrora Ergoenal;5
2616170000;Ruehnar Dorren Aimer Zumlana;5
2599540000;Lhoris Aeroris Ciliren Raloric;10
2574570000;Hywen Lhoris Aeroris;10
2600480000;Emmyth Genquinal Alernos;10
2607510000;Elwortho Nopsrin;10
2603790000;Felaern Ilimaer Gormar Keasalor;10
2603830000;Travaran Qinwenys Tanyth Grestina;10
2221343542;Ailluin Glynrona Elidyr Ravawarin;10
9827737731;Alluin Payarus Omcia;10
1138270000;Venali Helerona Respen Beinan;10
2585890000;Theodre Uritoris Tanyl Palee;10
2575060000;Juprel Tanyth Grestina;10
1138320000;Raiaril Aimer Zumlana;10
2257908827;Lymalla Alluin Balsatra;10
2257915164;Larongar Zylwynn Aubron Ravayra;10
3255250000;Travaran Qinwenys Alluin Balsatra;10
2616030000;Alernos Syvis Para;10
2618310000;Emmyth Genquinal Alluin Balsatra;10
2623020000;Tannyll Elanorin Hywen;10
2608000000;Alernos Aimon Mirahice;10
2619610000;Syvis Para Aubron Ravayra;10
2624990000;Omcia Avourel Norhice;10
2622310000;Emmyth Genquinal Alluin Balsatra;10
2624420000;Raiaril Tanyth Adris;10
2624460000;Itham Fardi Tanyth Adris;10
2581170000;Felaern Ilimaer Tannyll Elanorin;10
2260241058;Lyaidrach Raiaril;10
1141240000;Tannyll Elanorin Juprel;10
2585590000;Tanyl Wranditha Nethi;10
1140220000;Khyaenic Theodred Bisatra;10
1140250000;Theodred Bisatra Alluin Payarus;10
1140260000;Raiaril Tanyth Adris;10
1140270000;Emmyth Genquinal Alluin Balsatra;10
1141930000;Halueve Xyrgeiros Theodred Bisatra;10
2264096121;Tanyth Grestina Alernos;10
2607260000;Hywen Elwortho;10
2597280000;Alernos Aimer Zumlana;10
1141370000;Theodre Uritoris Respen Beinan;10
2267959689;Mnementh Elric Syvis Para;10
2266204302;Hagmar Trakrana Hywen;10
2578940000;Ciliren Raloric Itham Fardi;10
2619980000;Travaran Qinwenys Naeeaen;10
2572270000;Nopsrin Vulwin Ianxisys;10
2264867091;Emmyth Genquinal Emmyth Genquinal;10
2275266356;Omcia Avourel Norhice;10
2275272693;Emmyth Holaven Tanyl Palee;10
2984987522;Juprel Omcia;10
2245456470;Ergoenal Yroll;10
2577150000;Tanyth Grestina Alluin Payarus;10
2638040000;Nethi Raiaril;10
2638030000;Ailluin Glynrona Vulwin Ianxisys;10
2572140000;Tanyl Palee Aubron Ravayra;10
2571980000;Theodre Uritoris Raiaril;10
2572020000;Phraan Gilrora Kilyn Genharice;10
2622070000;Aimon Mirahice Aubron Ravayra;10
3307420000;Emmyth Genquinal Alernos;10
2585690000;Taeral Naezana Venali Helerona;10
2607860000;Tanyth Grestina Galan Bryneiros;10
2603980000;Taeral Naezana Taeral Naezana;10
1131950000;Lhoris Aeroris Nethi;10
2572000000;Itham Fardi Gorre Xilven;10
2607520000;Kilyn Genharice Larongar Zylwynn;10
2624040000;Elwortho Felaern Ilimaer;10
2617500000;Mnementh Elric Ilorissa;10
2620520000;Halueve Xyrgeiros Theodred Bisatra;10
2626740000;Avourel Norhice Syvis Para;10
2602380000;Naeeaen Elroaen;10
2618070000;Tannyll Elanorin Hywen;10
1139410000;Aher Raiaril;10
2623980000;Khyaenic Ilorissa;10
1138620000;Hywen Mnementh Elric;10
1139060000;Elroaen Respen Beinan;10
1138200000;Aubron Ravayra Naeeaen;10
1138840000;Respen Beinan Mnementh Elric;10
2626750000;Hagmar Trakrana Elidyr Ravawarin;10
3307550000;Lhoris Aeroris Ruehnar Dorren;10
2263384093;Venali Helerona Avourel Norhice;10
2263390430;Tanyth Adris Alernos;10
2264486755;Ilorissa Elroaen;10
2265906273;Tanyl Wranditha Ergoenal;10
2668170000;Lhoris Aeroris Alluin Balsatra;10
2602290000;Syvis Para Theodred Bisatra;10
2742190000;Isilynor Bineiros Ruehnar Dorren;10
2734300000;Lymalla Gorre Xilven;10
2618530000;Nopsrin Larongar Zylwynn;10
2946490000;Ergoenal Daridia;10
2627440000;Elwortho Nethi;10
2616400000;Kilyn Genharice Galan Bryneiros;10
2681910000;Aimer Zumlana Alernos;10
1138750000;Tanyl Wranditha Khyaenic;10
2619360000;Aimon Mirahice Nopsrin;10
1139400000;Ciliren Raloric Kilyn Genharice;10
2603070000;Elwortho Theodre Uritoris;10
1139190000;Gormar Keasalor Emmyth Genquinal;10
2604570000;Emmyth Genquinal Tannyll Elanorin;10
2619240000;Kilyn Genharice Esecar;10
1138790000;Gormar Keasalor Lhoris Aeroris;10
1139390000;Avourel Norhice Yroll;10
2627530000;Tanyth Adris Juprel;10
2604290000;Ergoenal Hagmar Trakrana;10
2594880000;Itham Fardi Tanyl Wranditha;10
2946410000;Elwortho Ciliren Raloric;10
2733850000;Phraan Gilrora Yroll;10
1141260000;Galan Bryneiros Esecar;10
1168360000;Taeral Naezana Taeral Naezana;10
1164790000;Tanyl Wranditha Lymalla;10
1161630000;Theodred Bisatra Naeeaen;10
1168380000;Elroaen Tanyth Grestina;10
3115970000;Mnementh Elric Hagmar Trakrana;10
2624260000;Elwortho Avourel Norhice;10
2602790000;Respen Beinan Phraan Gilrora;10
2626130000;Aimer Zumlana Alernos;10
1139050000;Isilynor Bineiros Theodred Bisatra;10
1138940000;Raiaril Phraan Gilrora;10
2576340000;Lyaidrach Raiaril;10
1138740000;Itham Fardi Ciliren Raloric;10
1139520000;Lymalla Elroaen;10
2601180000;Itham Fardi Tanyl Wranditha;10
1138570000;Vulwin Ianxisys Alluin Balsatra;10
1138410000;Nopsrin Tannyll Elanorin;10
1138110000;Ruehnar Dorren Phraan Gilrora;10
1137480000;Tanyl Wranditha Theodre Uritoris;10
2230450012;Juprel Aher;10
2256235817;Isilynor Bineiros Syvis Para;10
2256242154;Gorre Xilven Vulwin Ianxisys;10
2259303162;Tanyth Adris Syvis Para;10
2263422211;Tanyth Grestina Elwortho;10
2245861996;Galan Bryneiros Ergoenal;10
2664950000;Aimer Zumlana Alernos;10
1148550000;Larongar Zylwynn Esecar;10
1140580000;Elwortho Nethi;10
2662680000;Travaran Qinwenys Itham Fardi;10
2662050000;Juprel Tannyll Elanorin;10
2668010000;Nuvian Qivyre Hagmar Trakrana;10
2604230000;Omcia Alluin Balsatra;10
2607920000;Hagmar Trakrana Elidyr Ravawarin;10
1140190000;Kilyn Genharice Lhoris Aeroris;10
1141000000;Aubron Ravayra Naeeaen;10
1141020000;Yroll Hywen;10
1141030000;Nopsrin Alluin Balsatra;10
2257358130;Elroaen Alernos;10
2577010000;Esecar Lhoris Aeroris;10
2735560000;Lymalla Gorre Xilven;10
2575560000;Gormar Keasalor Elroaen;10
2618360000;Tannyll Elanorin Lethonel Chaexisys;10
2631870000;Ilorissa Respen Beinan;10
2735180000;Elwortho Travaran Qinwenys;10
2665240000;Tanyth Adris Kilyn Genharice;10
2734170000;Raiaril Taeral Naezana;10
2667890000;Avourel Norhice Hagmar Trakrana;10
2663980000;Ciliren Raloric Ilorissa;10
2624450000;Halueve Xyrgeiros Alluin Payarus;10
2602570000;Khyaenic Ilorissa;10
2602600000;Theodre Uritoris Elroaen;10
2571710000;Tannyll Elanorin Phraan Gilrora;10
2665370000;Elidyr Ravawarin Alluin Payarus;10
1139770000;Larongar Zylwynn Isilynor Bineiros;10
2595590000;Tanyl Palee Elwortho;10
2603380000;Respen Beinan Tannyll Elanorin;10
2606500000;Tanyth Adris Theodre Uritoris;10
2617910000;Aimer Zumlana Alernos;10
2624470000;Yroll Raiaril;10
2615970000;Galan Bryneiros Avourel Norhice;10
2620230000;Hagmar Trakrana Tannyll Elanorin;10
3174210000;Larongar Zylwynn Isilynor Bineiros;10
2624480000;Nopsrin Elroaen;10
2624510000;Isilynor Bineiros Alluin Balsatra;10
2620270000;Tannyll Elanorin Elidyr Ravawarin;10
1135040000;Elroaen Vulwin Ianxisys;10
1138330000;Travaran Qinwenys Emmyth Holaven;10
2576970000;Tanyl Palee Elwortho;10
2630240000;Phraan Gilrora Khyaenic;10
2619930000;Larongar Zylwynn Elidyr Ravawarin;10
2230120684;Arteyrria Gormar Keasalor;10
2268549049;Lymalla Hywen;10
2221476806;Ciliren Raloric Ilorissa;10
9828314575;Tanyl Palee Elwortho;10
2268130703;Hywen Felaern Ilimaer;10
2666590000;Naeeaen Tanyl Palee;10
2667930000;Felaern Ilimaer Juprel;10
2668200000;Hagmar Trakrana Elidyr Ravawarin;10
2682060000;Theodre Uritoris Aimon Mirahice;10
2662700000;Kilyn Genharice Galan Bryneiros;10
2665620000;Lethonel Chaexisys Alluin Payarus;10
2665290000;Tanyl Palee Travaran Qinwenys;10
2665910000;Aimon Mirahice Aubron Ravayra;10
2666640000;Hagmar Trakrana Tannyll Elanorin;10
1138870000;Naeeaen Lymalla;10
1138900000;Lymalla Alluin Balsatra;10
3308110000;Syvis Para Aubron Ravayra;10
2600760000;Raiaril Alluin Balsatra;10
1140950000;Aubron Ravayra Tanyth Adris;10
3310480000;Larongar Zylwynn Kilyn Genharice;10
2572520000;Theodred Bisatra Lymalla;10
3380380000;Alluin Payarus Omcia;10
1139250000;Gorre Xilven Itham Fardi;10
1132270000;Elidyr Ravawarin Lymalla;10
2594220000;Kilyn Genharice Lhoris Aeroris;10
2667450000;Alluin Payarus Emmyth Genquinal;10
2627520000;Gormar Keasalor Felaern Ilimaer;10
2602270000;Naeeaen Hagmar Trakrana;10
2594560000;Felaern Ilimaer Aimon Mirahice;10
2574160000;Alernos Aimer Zumlana;10
2595200000;Khyaenic Nopsrin;10
1141840000;Khyaenic Nethi;10
1138670000;Gorre Xilven Hagmar Trakrana;10
1138880000;Itham Fardi Emmyth Genquinal;10
2263270209;Syvis Para Aubron Ravayra;10
1140630000;Alluin Balsatra Arteyrria;10
1140610000;Halueve Xyrgeiros Tanyth Adris;10
3311230000;Tanyth Grestina Elwortho;10
3308050000;Ciliren Raloric Elroaen;10
3308030000;Lhoris Aeroris Nuvian Qivyre;10
3308190000;Arteyrria Larongar Zylwynn;10
3311250000;Felaern Ilimaer Aimon Mirahice;10
3311200000;Travaran Qinwenys Venali Helerona;10
3308280000;Tanyth Grestina Khyaenic;10
2630040000;Aubron Ravayra Mnementh Elric;10
2624500000;Venali Helerona Felaern Ilimaer;10
2573430000;Alluin Payarus Itham Fardi;10
3310080000;Esecar Arteyrria;10
1138470000;Tanyl Wranditha Khyaenic;10
2586840000;Mnementh Elric Juprel;10
2600920000;Respen Beinan Gormar Keasalor;10
2667490000;Ruehnar Dorren Isilynor Bineiros;10
3310050000;Gormar Keasalor Daridia;10
2257359397;Emmyth Holaven Tanyl Wranditha;10
2733820000;Halueve Xyrgeiros Lyaidrach;10
2607690000;Itham Fardi Tanyth Adris;10
2616730000;Lhoris Aeroris Ciliren Raloric;10
2629620000;Alluin Balsatra Ergoenal;10
2630180000;Theodre Uritoris Tanyth Adris;10
2619520000;Elroaen Alluin Balsatra;10
2624120000;Felaern Ilimaer Taeral Naezana;10
2733810000;Syvis Para Ruehnar Dorren;10
2735870000;Phraan Gilrora Tanyth Adris;10
2946480000;Alluin Payarus Omcia;10
2664010000;Larongar Zylwynn Alluin Payarus;10
3321210000;Phraan Gilrora Gormar Keasalor;10
2629210000;Nopsrin Alluin Balsatra;10
2572090000;Tanyth Adris Aubron Ravayra;10
2625430000;Aubron Ravayra Hywen;10
2602310000;Alluin Payarus Theodre Uritoris;10
1131640000;Isilynor Bineiros Venali Helerona;10
2586830000;Isilynor Bineiros Alluin Balsatra;10
2256907553;Respen Beinan Yroll;10
3309160000;Elidyr Ravawarin Raiaril;10
2221140842;Aubron Ravayra Syvis Para;10
2220950728;Kilyn Genharice Emmyth Genquinal;10
2261520994;Lyaidrach Tanyl Palee;10
1138310000;Mnementh Elric Felaern Ilimaer;10
2248821964;Lyaidrach Raiaril;10
2522750000;Lyaidrach Raiaril;10
2742200000;Travaran Qinwenys Tanyth Grestina;10
2630220000;Juprel Tannyll Elanorin;10
2667480000;Juprel Itham Fardi;10
3310100000;Hywen Arteyrria;10
2248029296;Nopsrin Larongar Zylwynn;10
2220171349;Tanyth Adris Raiaril;10
1132330000;Ilorissa Alernos;10
1131910000;Aubron Ravayra Emmyth Holaven;10
2601240000;Nopsrin Hywen;10
1140910000;Theodred Bisatra Alluin Payarus;10
1140290000;Vulwin Ianxisys Vulwin Ianxisys;10
1164830000;Avourel Norhice Lhoris Aeroris;10
2630710000;Emmyth Holaven Lyaidrach;10
2601780000;Omcia Tanyl Palee;10
9823264689;Mnementh Elric Tanyl Wranditha;10
2222397420;Itham Fardi Tanyl Wranditha;10
2266370614;Avourel Norhice Hagmar Trakrana;10
2266371248;Vulwin Ianxisys Daridia;10
2665580000;Ruehnar Dorren Khyaenic;10
2666000000;Khyaenic Larongar Zylwynn;10
2221761894;Theodred Bisatra Ciliren Raloric;10
2574090000;Theodred Bisatra Theodre Uritoris;10
2662330000;Daridia Daridia;10
2617060000;Nopsrin Theodre Uritoris;10
2604810000;Nethi Kilyn Genharice;10
1132470000;Nuvian Qivyre Aimon Mirahice;10
1147710000;Mnementh Elric Tanyl Wranditha;10
1127840000;Naeeaen Omcia;10
1148450000;Theodred Bisatra Hywen;10
3381020000;Tanyth Adris Kilyn Genharice;10
2668150000;Elidyr Ravawarin Theodred Bisatra;10
2522080000;Elwortho Kilyn Genharice;10
2572230000;Daridia Raiaril;10
2741930000;Juprel Elwortho;10
2604320000;Theodred Bisatra Aubron Ravayra;10
2741470000;Elwortho Itham Fardi;10
2246787217;Phraan Gilrora Ergoenal;10
2576350000;Juprel Gorre Xilven;10
1138430000;Syvis Para Yroll;10
1138150000;Larongar Zylwynn Isilynor Bineiros;10
2220184024;Tanyth Grestina Lymalla;10
3308320000;Ergoenal Gormar Keasalor;10
3308080000;Respen Beinan Elwortho;10
3311410000;Emmyth Genquinal Tanyth Grestina;10
3311400000;Vulwin Ianxisys Ruehnar Dorren;10
3311430000;Respen Beinan Emmyth Genquinal;10
1140640000;Aimer Zumlana Felaern Ilimaer;10
3309260000;Raiaril Tanyl Wranditha;10
1137170000;Theodred Bisatra Ailluin Glynrona;10
2617590000;Mnementh Elric Juprel;10
2263149569;Ciliren Raloric Aher;10
2571650000;Aimer Zumlana Hywen;10
3174370000;Juprel Tannyll Elanorin;10
1140170000;Theodred Bisatra Ciliren Raloric;10
3321200000;Alluin Payarus Gorre Xilven;10
1168390000;Tanyth Grestina Theodre Uritoris;10
1168370000;Respen Beinan Tanyl Wranditha;10
2625100000;Aimon Mirahice Ciliren Raloric;10
2622520000;Aimer Zumlana Alernos;10
2681980000;Ailluin Glynrona Alluin Payarus;10
2597550000;Yroll Vulwin Ianxisys;10
2605130000;Aher Tanyth Grestina;10
2601230000;Halueve Xyrgeiros Tanyl Wranditha;10
2220139626;Avourel Norhice Juprel;10
2222396153;Raiaril Tanyl Wranditha;10
1141320000;Yroll Halueve Xyrgeiros;10
1141350000;Larongar Zylwynn Aimer Zumlana;10
1141380000;Juprel Tanyth Grestina;10
1141360000;Phraan Gilrora Raiaril;10
1132340000;Venali Helerona Khyaenic;10
1140300000;Nethi Alluin Balsatra;20
1142720000;Lethonel Chaexisys Galan Bryneiros;20
2597210000;Alernos Taeral Naezana;20
1137500000;Mnementh Elric Emmyth Genquinal;20
2601000000;Alluin Balsatra Alluin Payarus;20
2667710000;Juprel Omcia;20
2265000069;Alluin Balsatra Ergoenal;20
2576960000;Emmyth Genquinal Aubron Ravayra;20
3311050000;Yroll Halueve Xyrgeiros;20
3311160000;Itham Fardi Esecar;20
1138030000;Yroll Vulwin Ianxisys;20
2664090000;Omcia Tanyl Palee;20
2604530000;Isilynor Bineiros Respen Beinan;20
2608440000;Naeeaen Itham Fardi;20
1140240000;Ruehnar Dorren Theodre Uritoris;20
2506640000;Galan Bryneiros Esecar;20
1147680000;Aubron Ravayra Aher;20
2596600000;Syvis Para Ruehnar Dorren;20
1141330000;Lymalla Esecar;20
1141890000;Isilynor Bineiros Syvis Para;20
2506660000;Gorre Xilven Elroaen;20
2664070000;Isilynor Bineiros Tannyll Elanorin;20
2605770000;Lymalla Elidyr Ravawarin;20
2627500000;Larongar Zylwynn Tanyl Wranditha;20
1138640000;Nopsrin Arteyrria;20
2244936641;Taeral Naezana Emmyth Holaven;20
9828461140;Hagmar Trakrana Tannyll Elanorin;20
2264334847;Theodred Bisatra Theodred Bisatra;20
2262522433;Isilynor Bineiros Aher;20
2249360202;Tanyth Grestina Lymalla;20
3380600000;Lymalla Elroaen;20
2513350000;Khyaenic Larongar Zylwynn;20
2521980000;Esecar Raiaril;20
2574150000;Naeeaen Elidyr Ravawarin;20
2666310000;Respen Beinan Travaran Qinwenys;20
2248067547;Tanyth Grestina Galan Bryneiros;20
2248073884;Ailluin Glynrona Omcia;20
2264543929;Lymalla Tanyl Wranditha;20
2606710000;Omcia Tanyth Adris;20
2667830000;Ciliren Raloric Emmyth Holaven;20
1135180000;Lhoris Aeroris Ergoenal;20
1138050000;Elwortho Naeeaen;20
2224303162;Phraan Gilrora Yroll;20
2256888510;Theodred Bisatra Hywen;20
2667800000;Elwortho Lethonel Chaexisys;20
2605560000;Tanyth Adris Raiaril;20
2600690000;Aubron Ravayra Elidyr Ravawarin;20
1141060000;Tanyth Adris Aubron Ravayra;20
2244518390;Naeeaen Emmyth Holaven;20
9828462408;Lyaidrach Yroll;20
1140890000;Ilorissa Elroaen;20
9810684423;Juprel Itham Fardi;20
2258048174;Omcia Avourel Norhice;20
9810671749;Raiaril Tanyth Adris;20
2256609645;Syvis Para Aher;20
2257686958;Respen Beinan Lhoris Aeroris;20
2665650000;Kilyn Genharice Lethonel Chaexisys;20
2736560000;Tanyl Wranditha Syvis Para;20
2266229537;Tanyth Adris Alluin Payarus;20
2258441318;Vulwin Ianxisys Alluin Balsatra;20
2633260000;Ilorissa Elroaen;20
1138720000;Esecar Naeeaen;20
1137800000;Syvis Para Vulwin Ianxisys;20
2588380000;Naeeaen Itham Fardi;20
2248822598;Aubron Ravayra Venali Helerona;20
2606640000;Alluin Payarus Omcia;20
2666470000;Hagmar Trakrana Tannyll Elanorin;20
3380740000;Itham Fardi Felaern Ilimaer;20
1125710000;Hagmar Trakrana Tanyl Palee;20
1140900000;Avourel Norhice Yroll;20
2607170000;Aubron Ravayra Elidyr Ravawarin;20
2245868333;Phraan Gilrora Ergoenal;20
1138000000;Nuvian Qivyre Nethi;20
2587990000;Tanyl Wranditha Khyaenic;20
1138140000;Gorre Xilven Theodred Bisatra;20
2243998745;Isilynor Bineiros Alluin Balsatra;20
2735750000;Lhoris Aeroris Ciliren Raloric;20
1138630000;Elwortho Lethonel Chaexisys;20
1139260000;Syvis Para Juprel;20
2506370000;Aher Aimer Zumlana;20
1125730000;Hagmar Trakrana Larongar Zylwynn;20
2572260000;Aimer Zumlana Emmyth Genquinal;20
2624490000;Respen Beinan Aimer Zumlana;20
2627490000;Hagmar Trakrana Nuvian Qivyre;20
2603250000;Ilorissa Alluin Balsatra;20
1139580000;Gormar Keasalor Elroaen;20
2618410000;Khyaenic Hywen;20
1140060000;Ciliren Raloric Elroaen;20
2594650000;Ciliren Raloric Felaern Ilimaer;20
2600570000;Lethonel Chaexisys Hywen;20
2601990000;Theodred Bisatra Naeeaen;20
2574400000;Yroll Yroll;20
2600560000;Tanyth Adris Ailluin Glynrona;20
2506230000;Alluin Balsatra Alluin Payarus;20
2622960000;Tanyth Grestina Vulwin Ianxisys;20
2623260000;Syvis Para Travaran Qinwenys;20
2597250000;Alluin Balsatra Ciliren Raloric;20
2220133326;Tanyth Grestina Hywen;20
1138560000;Ruehnar Dorren Nuvian Qivyre;20
2742130000;Yroll Halueve Xyrgeiros;20
3262550000;Halueve Xyrgeiros Tanyth Grestina;20
1148460000;Alluin Balsatra Nopsrin;20
2615980000;Elidyr Ravawarin Alluin Payarus;20
1139550000;Ergoenal Elroaen;20
2261687027;Felaern Ilimaer Gormar Keasalor;20
2261687661;Gorre Xilven Theodre Uritoris;20
2506340000;Alluin Payarus Mnementh Elric;20
2522010000;Elroaen Tanyth Grestina;20
2259100373;Felaern Ilimaer Respen Beinan;20
2617550000;Omcia Tanyl Palee;20
2275120602;Omcia Nuvian Qivyre;20
2627250000;Ilorissa Elroaen;20
2626140000;Avourel Norhice Juprel;20
1139170000;Emmyth Holaven Ilorissa;20
2266128079;Lhoris Aeroris Nethi;20
2574140000;Lhoris Aeroris Itham Fardi;20
1125810000;Theodred Bisatra Theodred Bisatra;20
2261312034;Tannyll Elanorin Raiaril;20
2603370000;Naeeaen Khyaenic;20
2733370000;Felaern Ilimaer Respen Beinan;20
1168400000;Emmyth Holaven Avourel Norhice;20
2600730000;Lyaidrach Aimon Mirahice;20
1141870000;Lymalla Elidyr Ravawarin;20
2606720000;Avourel Norhice Nethi;20
1137490000;Aimer Zumlana Emmyth Genquinal;20
2741240000;Phraan Gilrora Yroll;20
2741950000;Halueve Xyrgeiros Tanyl Wranditha;20
2263200424;Omcia Alluin Balsatra;20
1140280000;Respen Beinan Elwortho;20
2265671749;Theodre Uritoris Tanyth Grestina;20
9821501913;Tanyth Grestina Galan Bryneiros;20
2257496844;Gormar Keasalor Nuvian Qivyre;20
2619960000;Esecar Lhoris Aeroris;20
1141210000;Mnementh Elric Omcia;20
2513470000;Halueve Xyrgeiros Taeral Naezana;20
2617600000;Isilynor Bineiros Syvis Para;20
3321720000;Elroaen Alluin Balsatra;20
3380960000;Nopsrin Gormar Keasalor;20
1138400000;Galan Bryneiros Esecar;20
2577420000;Aubron Ravayra Tanyth Adris;20
2625360000;Mnementh Elric Syvis Para;20
2741490000;Naeeaen Lymalla;20
1149600000;Ailluin Glynrona Elidyr Ravawarin;20
2628980000;Yroll Yroll;20
1140510000;Hagmar Trakrana Elidyr Ravawarin;20
2606990000;Ergoenal Lethonel Chaexisys;20
2257249892;Respen Beinan Daridia;20
2264017991;Lymalla Travaran Qinwenys;20
2574450000;Lyaidrach Tanyl Palee;20
2245069721;Isilynor Bineiros Ergoenal;20
2245114081;Mnementh Elric Arteyrria;20
2261495576;Isilynor Bineiros Aher;20
1138290000;Juprel Omcia;20
2620620000;Hagmar Trakrana Elidyr Ravawarin;20
2624400000;Gormar Keasalor Lhoris Aeroris;20
2742530000;Emmyth Genquinal Travaran Qinwenys;20
1138890000;Itham Fardi Esecar;20
2618650000;Tannyll Elanorin Alluin Balsatra;20
2221761793;Theodre Uritoris Tanyth Grestina;20
1148570000;Ergoenal Daridia;20
2735580000;Respen Beinan Tannyll Elanorin;20
2522170000;Yroll Phraan Gilrora;20
2637860000;Esecar Yroll;20
3380360000;Raiaril Venali Helerona;20
1137530000;Larongar Zylwynn Galan Bryneiros;20
1140050000;Aimer Zumlana Tanyl Wranditha;20
2734320000;Raiaril Alluin Balsatra;20
2664590000;Lyaidrach Lhoris Aeroris;20
1140180000;Travaran Qinwenys Larongar Zylwynn;20
2601320000;Lyaidrach Vulwin Ianxisys;20
2733910000;Tanyl Wranditha Arteyrria;20
4645650000;Vulwin Ianxisys Ailluin Glynrona;20
2664680000;Felaern Ilimaer Tannyll Elanorin;20
1138300000;Isilynor Bineiros Theodred Bisatra;20
2737600000;Lhoris Aeroris Kilyn Genharice;20
2242743992;Kilyn Genharice Emmyth Genquinal;20
2261882141;Elidyr Ravawarin Theodred Bisatra;20
2242065918;Khyaenic Larongar Zylwynn;20
2599410000;Yroll Hywen;20
2268492015;Venali Helerona Respen Beinan;20
2608550000;Lethonel Chaexisys Alluin Payarus;20
1139310000;Omcia Venali Helerona;20
2625130000;Avourel Norhice Aher;20
2572010000;Tanyl Palee Travaran Qinwenys;20
2627720000;Theodre Uritoris Raiaril;20
2513560000;Alluin Payarus Omcia;20
2513430000;Halueve Xyrgeiros Tanyl Wranditha;20
1137870000;Hywen Alernos;20
2624130000;Itham Fardi Gorre Xilven;20
2264024328;Respen Beinan Gormar Keasalor;20
3453950000;Juprel Elwortho;20
1131900000;Ciliren Raloric Aher;20
2606980000;Khyaenic Ilorissa;20
2271147097;Tanyth Adris Elwortho;20
2226223149;Alernos Phraan Gilrora;20
2593660000;Lhoris Aeroris Juprel;20
2268948231;Kilyn Genharice Venali Helerona;20
2245380424;Daridia Raiaril;20
2607890000;Gorre Xilven Hagmar Trakrana;20
1142040000;Galan Bryneiros Aubron Ravayra;20
3310920000;Tanyth Adris Phraan Gilrora;20
2521990000;Arteyrria Isilynor Bineiros;20
2259151032;Hywen Naeeaen;20
2662070000;Raiaril Ruehnar Dorren;20
1138920000;Juprel Aubron Ravayra;20
2600450000;Elroaen Hagmar Trakrana;20
1138120000;Tanyth Adris Juprel;20
2604270000;Elidyr Ravawarin Theodred Bisatra;20
2629560000;Galan Bryneiros Elidyr Ravawarin;20
2599430000;Ilorissa Omcia;20
2608720000;Emmyth Genquinal Lyaidrach;20
2256894879;Aher Theodre Uritoris;20
2249094043;Tanyth Adris Elwortho;20
1141910000;Tanyl Palee Elwortho;20
1141920000;Hagmar Trakrana Tannyll Elanorin;20
1139380000;Gormar Keasalor Nuvian Qivyre;20
1127890000;Ilorissa Larongar Zylwynn;20
2621910000;Vulwin Ianxisys Galan Bryneiros;20
1139340000;Halueve Xyrgeiros Raiaril;20
1141340000;Tanyl Palee Ruehnar Dorren;20
2620310000;Vulwin Ianxisys Theodre Uritoris;20
2226216812;Tanyth Adris Alluin Payarus;20
1141960000;Aubron Ravayra Elidyr Ravawarin;20
2617580000;Tanyl Wranditha Ergoenal;20
1142010000;Omcia Alluin Balsatra;20
3311740000;Tanyl Wranditha Arteyrria;20
3311060000;Ilorissa Taeral Naezana;20
1138060000;Venali Helerona Nethi;20
2268941894;Larongar Zylwynn Aimer Zumlana;20
1139590000;Gorre Xilven Hywen;20
1138070000;Ruehnar Dorren Raiaril;20
2619620000;Respen Beinan Lyaidrach;20
2633120000;Arteyrria Lymalla;20
2638020000;Raiaril Vulwin Ianxisys;20
2618380000;Tanyth Adris Elwortho;20
2742140000;Esecar Elwortho;20
2575090000;Elroaen Elwortho;20
2269949499;Nethi Emmyth Genquinal;20
1138730000;Ruehnar Dorren Ilorissa;20
1137890000;Respen Beinan Elroaen;20
2263282845;Galan Bryneiros Omcia;20
1125780000;Naeeaen Syvis Para;20
2667500000;Tanyth Grestina Lymalla;20
2617570000;Lyaidrach Raiaril;20
2220146001;Aubron Ravayra Mnementh Elric;20
3311170000;Naeeaen Respen Beinan;20
2619290000;Elroaen Alernos;20
1138340000;Emmyth Genquinal Aubron Ravayra;20
1141230000;Alluin Payarus Omcia;20
9815140576;Gorre Xilven Gorre Xilven;20
9815146913;Lymalla Travaran Qinwenys;20
2275279030;Khyaenic Elidyr Ravawarin;20
2230031856;Tanyth Grestina Alernos;20
2237813751;Elidyr Ravawarin Raiaril;20
2220158675;Ailluin Glynrona Alluin Payarus;20
2260247395;Respen Beinan Lymalla;20
2594480000;Isilynor Bineiros Theodred Bisatra;20
2600550000;Nopsrin Isilynor Bineiros;20
2625080000;Theodred Bisatra Ciliren Raloric;20
2625070000;Taeral Naezana Respen Beinan;20
1141860000;Felaern Ilimaer Aimer Zumlana;20
2268130589;Aimon Mirahice Omcia;20
2592190000;Nopsrin Tanyth Adris;20
1139800000;Lyaidrach Syvis Para;20
3311080000;Aimer Zumlana Tanyth Adris;20
9817921856;Nethi Avourel Norhice;20
2626910000;Lhoris Aeroris Aimon Mirahice;20
2220139936;Esecar Tannyll Elanorin;20
2246109518;Gormar Keasalor Lhoris Aeroris;20
2257649442;Raiaril Itham Fardi;20
2258289493;Omcia Tanyl Palee;20
9818378212;Aimon Mirahice Alluin Balsatra;20
2592200000;Emmyth Genquinal Tanyth Adris;20
2271026812;Lhoris Aeroris Kilyn Genharice;20
2625000000;Phraan Gilrora Syvis Para;20
2619910000;Juprel Gorre Xilven;20
1141970000;Isilynor Bineiros Respen Beinan;20
1141980000;Daridia Ilorissa;20
1141990000;Elidyr Ravawarin Aimon Mirahice;20
3321380000;Avourel Norhice Hagmar Trakrana;20
2621850000;Itham Fardi Emmyth Genquinal;20
1135070000;Respen Beinan Mnementh Elric;20
2264088517;Daridia Esecar;20
2264360158;Esecar Arteyrria;20
2513570000;Nopsrin Alernos;20
2601250000;Kilyn Genharice Lethonel Chaexisys;20
2625390000;Halueve Xyrgeiros Lyaidrach;20
2268308231;Lyaidrach Lymalla;20
2742710000;Lethonel Chaexisys Ergoenal;20
2600180000;Halueve Xyrgeiros Tanyl Wranditha;20
2257541711;Theodre Uritoris Aimon Mirahice;20
2257554385;Felaern Ilimaer Aher;20
9817294562;Theodred Bisatra Alluin Payarus;20
2638050000;Hagmar Trakrana Ergoenal;20
2265006406;Itham Fardi Gorre Xilven;20
1142000000;Gorre Xilven Hywen;20
1126370000;Larongar Zylwynn Aher;20
2627030000;Lymalla Hywen;20
2623790000;Hywen Arteyrria;20
2270912629;Juprel Aimon Mirahice;20
2513460000;Elidyr Ravawarin Ciliren Raloric;20
2622680000;Lhoris Aeroris Taeral Naezana;20
2742510000;Nuvian Qivyre Nethi;20
3115980000;Khyaenic Juprel;20
2268067262;Alernos Theodre Uritoris;20
2246400880;Emmyth Genquinal Alernos;20
2246407217;Yroll Respen Beinan;20
3460780000;Alluin Balsatra Alluin Payarus;20
2621480000;Larongar Zylwynn Ailluin Glynrona;20
2603050000;Hywen Mnementh Elric;20
2220754131;Travaran Qinwenys Larongar Zylwynn;20
2742630000;Vulwin Ianxisys Syvis Para;20
2259151070;Felaern Ilimaer Aimer Zumlana;20
2275253681;Ilorissa Larongar Zylwynn;20
2665000000;Nethi Aimon Mirahice;20
1168340000;Ilorissa Omcia;20
2577680000;Isilynor Bineiros Respen Beinan;20
2629970000;Theodre Uritoris Elroaen;20
2594610000;Isilynor Bineiros Tanyth Grestina;20
1138910000;Ailluin Glynrona Alluin Payarus;20
9837921939;Nopsrin Ilorissa;20
9839632965;Tanyl Wranditha Larongar Zylwynn;20
2856039809;Nethi Larongar Zylwynn;20
2625600000;Alluin Payarus Ruehnar Dorren;20
2268086381;Gorre Xilven Vulwin Ianxisys;20
2268105392;Itham Fardi Aher;20
2264543973;Isilynor Bineiros Tanyth Grestina;20
9823265956;Isilynor Bineiros Theodred Bisatra;20
2625400000;Emmyth Holaven Tanyl Palee;20
2625340000;Elidyr Ravawarin Esecar;20
2264404391;Theodre Uritoris Nopsrin;20
2222985038;Taeral Naezana Respen Beinan;20
2742570000;Juprel Itham Fardi;20
3381380000;Respen Beinan Arteyrria;20
2603100000;Tanyth Adris Alluin Payarus;20
1149310000;Isilynor Bineiros Phraan Gilrora;20
2221762002;Galan Bryneiros Elroaen;20
2265773295;Syvis Para Lethonel Chaexisys;20
2262028048;Ciliren Raloric Venali Helerona;20
2743140000;Larongar Zylwynn Ailluin Glynrona;20
2742750000;Elidyr Ravawarin Aubron Ravayra;20
2742590000;Alluin Balsatra Aimon Mirahice;20
2742790000;Aher Raiaril;20
2609150000;Tanyth Grestina Hywen;20
2609110000;Daridia Lymalla;20
2620450000;Ciliren Raloric Lhoris Aeroris;20
2245374087;Theodred Bisatra Raiaril;20
2630010000;Galan Bryneiros Ergoenal;20
3309050000;Emmyth Holaven Ilorissa;20
2264112997;Kilyn Genharice Alluin Payarus;20
2623650000;Lyaidrach Raiaril;20
3317110000;Alluin Payarus Lyaidrach;20
2742650000;Hywen Tannyll Elanorin;20
2742610000;Gormar Keasalor Aher;20
2260013193;Esecar Alluin Balsatra;20
2268530038;Khyaenic Juprel;20
2249018263;Phraan Gilrora Raiaril;20
2222396787;Ilorissa Alernos;20
2609250000;Gorre Xilven Lethonel Chaexisys;20
2742760000;Itham Fardi Arteyrria;20
2259303124;Aimon Mirahice Yroll;20
9822852775;Nuvian Qivyre Nethi;20
3381390000;Esecar Galan Bryneiros;20
1140330000;Ilorissa Tanyth Adris;20
2604110000;Ailluin Glynrona Phraan Gilrora;20
2629690000;Ciliren Raloric Nuvian Qivyre;20
3321530000;Alernos Hywen;20
2218542978;Kilyn Genharice Raiaril;20
9815141844;Avourel Norhice Tanyth Adris;20
2665790000;Ilorissa Alluin Payarus;20
2513270000;Nopsrin Elroaen;20
1141830000;Alluin Balsatra Ruehnar Dorren;20
2571880000;Itham Fardi Tannyll Elanorin;20
2620370000;Tanyl Wranditha Tannyll Elanorin;20
2733380000;Emmyth Genquinal Emmyth Genquinal;20
1138350000;Galan Bryneiros Avourel Norhice;20
2271540006;Khyaenic Theodred Bisatra;20
2667670000;Nethi Emmyth Genquinal;20
2621540000;Nopsrin Elroaen;20
1126420000;Theodred Bisatra Alluin Payarus;20
2631270000;Halueve Xyrgeiros Emmyth Holaven;20
2605510000;Kilyn Genharice Alluin Payarus;20
2266015291;Daridia Aimer Zumlana;20
9828454169;Travaran Qinwenys Tannyll Elanorin;20
2267484169;Syvis Para Lethonel Chaexisys;20
2616300000;Tanyth Grestina Tanyth Adris;20
2275310773;Nopsrin Alluin Balsatra;20
2230120576;Respen Beinan Travaran Qinwenys;20
2259157370;Emmyth Holaven Lyaidrach;20
2625440000;Tannyll Elanorin Aimon Mirahice;20
2264372788;Syvis Para Tanyth Grestina;20
2630000000;Lyaidrach Elidyr Ravawarin;20
2623490000;Travaran Qinwenys Aimer Zumlana;20
2264315754;Emmyth Genquinal Emmyth Genquinal;20
1164820000;Emmyth Genquinal Felaern Ilimaer;20
4556480000;Isilynor Bineiros Omcia;20
4556450000;Mnementh Elric Omcia;20
2603930000;Tannyll Elanorin Halueve Xyrgeiros;20
2258111546;Larongar Zylwynn Esecar;20
9815148086;Respen Beinan Travaran Qinwenys;20
2572540000;Lymalla Esecar;20
2259981508;Ciliren Raloric Itham Fardi;20
1149300000;Alernos Tanyl Palee;20
1137860000;Tanyl Wranditha Emmyth Holaven;20
2230031964;Alluin Balsatra Omcia;20
2241970861;Tanyth Adris Kilyn Genharice;20
2633710000;Elroaen Alernos;20
2663710000;Aimer Zumlana Alernos;20
2741320000;Gorre Xilven Theodred Bisatra;20
4645660000;Kilyn Genharice Syvis Para;20
2574840000;Naeeaen Emmyth Holaven;20
1148580000;Tanyl Palee Arteyrria;20
2266015925;Hagmar Trakrana Hywen;20
2270906223;Juprel Tannyll Elanorin;20
2230247160;Aimon Mirahice Ciliren Raloric;20
1141900000;Ailluin Glynrona Aher;20
2264100380;Yroll Respen Beinan;20
2524190000;Vulwin Ianxisys Daridia;20
4645670000;Lyaidrach Hagmar Trakrana;20
2574370000;Lymalla Gorre Xilven;20
9820084024;Tanyl Wranditha Tanyl Palee;20
1126430000;Venali Helerona Isilynor Bineiros;20
1168350000;Ergoenal Syvis Para;20
3311820000;Raiaril Nethi;20
2664340000;Aubron Ravayra Theodred Bisatra;20
2665150000;Tanyth Grestina Lymalla;20
1148590000;Aimer Zumlana Gormar Keasalor;20
2609060000;Omcia Nuvian Qivyre;20
2523990000;Raiaril Itham Fardi;20
2604700000;Nethi Naeeaen;20
2523780000;Venali Helerona Khyaenic;20
2524010000;Nuvian Qivyre Nethi;20
2625590000;Tannyll Elanorin Phraan Gilrora;20
2265564030;Arteyrria Gormar Keasalor;20
2265481647;Tanyth Adris Alernos;20
2633270000;Galan Bryneiros Gorre Xilven;20
2603490000;Lethonel Chaexisys Galan Bryneiros;20
2264537591;Emmyth Genquinal Ergoenal;20
2638080000;Aher Elroaen;20
4556460000;Raiaril Tanyth Adris;20
2267953352;Alluin Payarus Emmyth Genquinal;20
2220177686;Aubron Ravayra Tannyll Elanorin;20
2230291520;Naeeaen Elroaen;20
2257173650;Omcia Travaran Qinwenys;20
2620350000;Phraan Gilrora Theodre Uritoris;20
2262357427;Khyaenic Juprel;20
2264347522;Khyaenic Larongar Zylwynn;20
2632990000;Aher Kilyn Genharice;20
2275253586;Ruehnar Dorren Phraan Gilrora;20
2260032205;Emmyth Holaven Tanyl Wranditha;20
2603750000;Aubron Ravayra Ruehnar Dorren;20
2603400000;Raiaril Nethi;20
2600990000;Travaran Qinwenys Larongar Zylwynn;20
2264537636;Gormar Keasalor Felaern Ilimaer;20
2609580000;Nopsrin Larongar Zylwynn;20
2630210000;Nuvian Qivyre Respen Beinan;20
2600190000;Juprel Gorre Xilven;20
2609360000;Raiaril Ruehnar Dorren;20
3309240000;Avourel Norhice Syvis Para;20
1138080000;Yroll Arteyrria;20
2572380000;Kilyn Genharice Omcia;20
3313730000;Ciliren Raloric Tanyth Grestina;20
1137560000;Galan Bryneiros Aubron Ravayra;20
1137180000;Ailluin Glynrona Elidyr Ravawarin;20
3311600000;Tanyth Adris Juprel;20
2271160760;Tanyl Palee Ruehnar Dorren;20
2666690000;Tanyth Grestina Elwortho;20
2523810000;Gormar Keasalor Lhoris Aeroris;20
2606800000;Gormar Keasalor Nuvian Qivyre;20
1148600000;Respen Beinan Lyaidrach;20
2681970000;Khyaenic Isilynor Bineiros;20
1148610000;Ruehnar Dorren Hywen;20
1141220000;Nethi Gormar Keasalor;20
2578780000;Itham Fardi Ciliren Raloric;20
2733680000;Elidyr Ravawarin Aimon Mirahice;20
2598470000;Theodred Bisatra Nopsrin;20
1164780000;Hywen Aimon Mirahice;20
2622230000;Itham Fardi Elroaen;20
2271161394;Tanyth Grestina Hywen;20
3311800000;Emmyth Holaven Travaran Qinwenys;20
2594230000;Venali Helerona Felaern Ilimaer;20
1137460000;Hagmar Trakrana Ergoenal;20
1141390000;Respen Beinan Emmyth Genquinal;20
2609380000;Avourel Norhice Lhoris Aeroris;20
2663810000;Itham Fardi Raiaril;20
2626780000;Elidyr Ravawarin Tanyl Wranditha;20
2609010000;Naeeaen Aimon Mirahice;20
2625970000;Travaran Qinwenys Daridia;20
2626480000;Alluin Balsatra Ciliren Raloric;20
2668130000;Tanyth Adris Mnementh Elric;20
2523950000;Venali Helerona Alernos;20
2265602173;Travaran Qinwenys Avourel Norhice;20
2219543738;Ergoenal Lethonel Chaexisys;20
2223029163;Larongar Zylwynn Aher;20
2246191394;Lethonel Chaexisys Lhoris Aeroris;20
2620430000;Alluin Balsatra Elroaen;20
2262268707;Phraan Gilrora Gormar Keasalor;20
2268086286;Taeral Naezana Ergoenal;20
2271026717;Felaern Ilimaer Aimon Mirahice;20
9827858422;Daridia Tanyth Adris;20
2267471495;Venali Helerona Respen Beinan;20
2629010000;Ergoenal Gormar Keasalor;20
2629000000;Naeeaen Daridia;20
1141710000;Respen Beinan Nuvian Qivyre;20
2266197965;Mnementh Elric Larongar Zylwynn;20
1142020000;Ciliren Raloric Itham Fardi;20
2632980000;Tanyth Grestina Venali Helerona;20
1139230000;Naeeaen Elroaen;20
2606730000;Emmyth Genquinal Aubron Ravayra;20
2591010000;Vulwin Ianxisys Halueve Xyrgeiros;20
2660720000;Avourel Norhice Elwortho;20
3311840000;Mnementh Elric Syvis Para;20
2264860728;Respen Beinan Mnementh Elric;20
2626570000;Ilorissa Avourel Norhice;20
9820083390;Alernos Theodre Uritoris;20
2250728783;Respen Beinan Arteyrria;20
2608960000;Venali Helerona Theodre Uritoris;20
2523790000;Emmyth Genquinal Alernos;20
2523960000;Gorre Xilven Vulwin Ianxisys;20
2743550000;Elroaen Alluin Balsatra;20
9815357211;Ciliren Raloric Emmyth Holaven;20
9815362376;Tanyth Grestina Vulwin Ianxisys;20
3145170000;Ailluin Glynrona Aimon Mirahice;20
1147860000;Venali Helerona Isilynor Bineiros;20
2608950000;Raiaril Itham Fardi;20
1138460000;Galan Bryneiros Lyaidrach;20
2609020000;Naeeaen Omcia;20
3145200000;Tanyth Grestina Theodre Uritoris;20
3311980000;Ciliren Raloric Nuvian Qivyre;20
2609080000;Galan Bryneiros Lethonel Chaexisys;20
2597200000;Mnementh Elric Juprel;20
2604840000;Ciliren Raloric Aher;20
1126440000;Isilynor Bineiros Tanyth Grestina;20
1141690000;Hywen Alernos;20
1141700000;Mnementh Elric Juprel;20
3311880000;Aimon Mirahice Omcia;20
1141630000;Gormar Keasalor Elroaen;20
1141640000;Lyaidrach Elidyr Ravawarin;20
2627590000;Halueve Xyrgeiros Omcia;20
9827859055;Lhoris Aeroris Nethi;20
2631160000;Juprel Gorre Xilven;20
2220165012;Omcia Travaran Qinwenys;20
2627570000;Alluin Payarus Kilyn Genharice;20
2275811299;Tanyl Palee Travaran Qinwenys;20
2275690893;Aimon Mirahice Yroll;20
2269436007;Travaran Qinwenys Larongar Zylwynn;20
1138280000;Tanyl Wranditha Avourel Norhice;20
3311890000;Tannyll Elanorin Hywen;20
2609830000;Omcia Tanyl Palee;20
2667840000;Alluin Balsatra Ruehnar Dorren;20
2629550000;Galan Bryneiros Avourel Norhice;20
9761863288;Aimon Mirahice Aubron Ravayra;20
3307720000;Isilynor Bineiros Tanyl Wranditha;20
2595260000;Avourel Norhice Lhoris Aeroris;20
2595620000;Hywen Elwortho;20
2624800000;Emmyth Genquinal Alluin Balsatra;20
2624810000;Respen Beinan Elwortho;20
1131790000;Respen Beinan Emmyth Genquinal;20
9821927845;Juprel Tannyll Elanorin;20
2513030000;Venali Helerona Nethi;20
9815355944;Gorre Xilven Kilyn Genharice;20
1141650000;Elroaen Alernos;20
1137410000;Lethonel Chaexisys Galan Bryneiros;20
3311950000;Alluin Payarus Omcia;20
2630400000;Phraan Gilrora Isilynor Bineiros;20
4556470000;Lyaidrach Lhoris Aeroris;20
3262580000;Itham Fardi Esecar;20
2609370000;Nopsrin Vulwin Ianxisys;20
1141400000;Phraan Gilrora Galan Bryneiros;20
2667650000;Venali Helerona Respen Beinan;20
2524000000;Hywen Halueve Xyrgeiros;20
2269335665;Raiaril Aimer Zumlana;20
2268993460;Yroll Yroll;20
2524090000;Galan Bryneiros Elidyr Ravawarin;20
1141160000;Alernos Hywen;20
2626690000;Arteyrria Elidyr Ravawarin;20
3453770000;Ergoenal Tanyth Grestina;20
2256520988;Daridia Esecar;20
2524130000;Yroll Vulwin Ianxisys;20
3310110000;Tanyth Adris Kilyn Genharice;20
2265557693;Mnementh Elric Omcia;20
2272686958;Vulwin Ianxisys Galan Bryneiros;20
2600870000;Raiaril Ailluin Glynrona;20
2605330000;Isilynor Bineiros Lethonel Chaexisys;20
3312810000;Tanyl Wranditha Tanyl Palee;20
2523820000;Tanyth Adris Alernos;20
2523800000;Aubron Ravayra Omcia;20
2631960000;Phraan Gilrora Raiaril;20
9815362281;Itham Fardi Aimon Mirahice;20
2513040000;Tannyll Elanorin Elidyr Ravawarin;20
1139000000;Hywen Ergoenal;20
1131960000;Lymalla Elidyr Ravawarin;20
1142700000;Ailluin Glynrona Omcia;20
2609660000;Emmyth Genquinal Tanyth Adris;20
2512880000;Omcia Tannyll Elanorin;20
2512970000;Alernos Avourel Norhice;20
2513370000;Respen Beinan Ailluin Glynrona;20
2573930000;Tannyll Elanorin Lymalla;20
2577300000;Aimer Zumlana Emmyth Genquinal;20
9827642667;Ilorissa Alluin Balsatra;20
2742350000;Syvis Para Yroll;20
2616760000;Nopsrin Theodre Uritoris;20
2270025595;Phraan Gilrora Gormar Keasalor;20
2270031932;Phraan Gilrora Tanyth Adris;20
9837294562;Gormar Keasalor Tanyl Wranditha;20
2630760000;Aimer Zumlana Arteyrria;20
2268987122;Lethonel Chaexisys Yroll;20
2630750000;Yroll Emmyth Holaven;20
2619480000;Nopsrin Tanyth Adris;20
2635040000;Yroll Yroll;20
2608840000;Naeeaen Aimon Mirahice;20
2259056831;Yroll Halueve Xyrgeiros;20
2270367750;Lhoris Aeroris Alernos;20
1160930000;Larongar Zylwynn Isilynor Bineiros;20
2268994727;Gormar Keasalor Elroaen;20
2604500000;Itham Fardi Tannyll Elanorin;20
2638670000;Respen Beinan Lymalla;20
4556510000;Avourel Norhice Aher;20
2265766951;Halueve Xyrgeiros Omcia;20
1161660000;Esecar Emmyth Genquinal;20
2627020000;Alluin Payarus Mnementh Elric;20
4556500000;Theodre Uritoris Nopsrin;20
1142080000;Daridia Lymalla;20
1142090000;Tanyth Adris Ailluin Glynrona;20
1142070000;Khyaenic Nethi;20
2265475310;Respen Beinan Emmyth Holaven;20
4556490000;Lyaidrach Tanyl Palee;20
1142050000;Esecar Galan Bryneiros;20
4556620000;Raiaril Tanyl Wranditha;20
1139470000;Nethi Elwortho;20
2858048333;Hagmar Trakrana Emmyth Holaven;20
1142100000;Omcia Alluin Balsatra;20
2259120202;Aimer Zumlana Ruehnar Dorren;20
2273555304;Larongar Zylwynn Aimer Zumlana;20
2259057465;Ergoenal Elwortho;20
2268988390;Lhoris Aeroris Alluin Balsatra;20
1139100000;Tanyth Adris Kilyn Genharice;20
2666720000;Yroll Hagmar Trakrana;20
9761863276;Ailluin Glynrona Elidyr Ravawarin;20
9821927211;Kilyn Genharice Galan Bryneiros;20
2300006482;Omcia Alluin Balsatra;20
2271007686;Ergoenal Venali Helerona;20
1142060000;Lhoris Aeroris Nuvian Qivyre;20
2246439239;Felaern Ilimaer Juprel;20
2246439873;Alluin Payarus Nethi;20
2620510000;Omcia Tanyl Palee;20
2660890000;Ilorissa Alluin Balsatra;20
3307110000;Raiaril Vulwin Ianxisys;20
2248821356;Aubron Ravayra Avourel Norhice;20
1161580000;Ailluin Glynrona Theodre Uritoris;20
2600770000;Elidyr Ravawarin Tanyl Wranditha;20
1139450000;Lymalla Lethonel Chaexisys;20
2632350000;Emmyth Genquinal Tanyth Adris;20
2625090000;Naeeaen Syvis Para;20
2624660000;Ailluin Glynrona Alluin Payarus;20
1139360000;Theodre Uritoris Ergoenal;20
2270437458;Avourel Norhice Tanyth Adris;20
2624670000;Larongar Zylwynn Aubron Ravayra;20
2250088745;Naeeaen Nethi;20
2271413339;Aubron Ravayra Venali Helerona;20
2222395519;Emmyth Holaven Lyaidrach;20
2237769391;Alluin Payarus Omcia;20
2239981001;Phraan Gilrora Ergoenal;20
2248941945;Theodred Bisatra Respen Beinan;20
2250082408;Tanyth Grestina Hywen;20
3310020000;Syvis Para Ruehnar Dorren;20
9823213174;Larongar Zylwynn Emmyth Genquinal;20
2633100000;Nuvian Qivyre Aubron Ravayra;20
4556520000;Taeral Naezana Taeral Naezana;20
4556540000;Ciliren Raloric Kilyn Genharice;20
2300006406;Nethi Gorre Xilven;20
2736170000;Tanyth Adris Nethi;20
2741210000;Alluin Payarus Gorre Xilven;20
2632430000;Emmyth Holaven Tanyl Wranditha;20
2263732737;Gormar Keasalor Daridia;20
2263739074;Lhoris Aeroris Felaern Ilimaer;20
2257357496;Emmyth Genquinal Alernos;20
2259372693;Tanyth Grestina Khyaenic;20
2601490000;Daridia Elwortho;20
1127850000;Theodred Bisatra Ciliren Raloric;20
1125820000;Isilynor Bineiros Respen Beinan;20
1138130000;Lethonel Chaexisys Yroll;20
2513590000;Lhoris Aeroris Kilyn Genharice;20
2522150000;Juprel Hywen;20
2594430000;Lhoris Aeroris Alernos;20
2600860000;Yroll Hagmar Trakrana;20
1125690000;Khyaenic Hywen;20
2261685760;Elroaen Gormar Keasalor;20
2243529847;Juprel Elwortho;20
2594640000;Juprel Aher;20
2237477883;Taeral Naezana Isilynor Bineiros;20
2300006508;Theodre Uritoris Ergoenal;25
4556610000;Ciliren Raloric Nuvian Qivyre;25
2223219512;Respen Beinan Emmyth Genquinal;25
2597110000;Theodred Bisatra Ciliren Raloric;25
2636280000;Lyaidrach Mnementh Elric;25
2634690000;Nethi Alluin Balsatra;25
1140990000;Nopsrin Vulwin Ianxisys;25
2635200000;Venali Helerona Isilynor Bineiros;25
4556590000;Alernos Lymalla;25
4556560000;Nethi Elwortho;25
2736390000;Hywen Felaern Ilimaer;25
2634930000;Gormar Keasalor Emmyth Genquinal;25
1139510000;Yroll Arteyrria;25
2268390430;Mnementh Elric Esecar;25
2268384093;Alluin Payarus Larongar Zylwynn;25
2617560000;Gormar Keasalor Lhoris Aeroris;25
2634330000;Respen Beinan Ailluin Glynrona;25
1138600000;Theodred Bisatra Tanyl Palee;25
1138590000;Alernos Tanyl Palee;25
1138930000;Omcia Elroaen;25
1138760000;Ilorissa Alernos;25
1138800000;Hagmar Trakrana Tannyll Elanorin;25
9827636330;Larongar Zylwynn Ailluin Glynrona;25
2627580000;Theodred Bisatra Khyaenic;25
2603820000;Respen Beinan Elwortho;25
1139500000;Alluin Balsatra Alluin Payarus;25
2634340000;Emmyth Genquinal Lyaidrach;25
1142120000;Travaran Qinwenys Emmyth Holaven;25
9817959961;Lymalla Elidyr Ravawarin;25
1139530000;Itham Fardi Raiaril;25
2259120836;Lymalla Hywen;25
2627560000;Lhoris Aeroris Ciliren Raloric;25
2638280000;Theodred Bisatra Hywen;25
3319730000;Phraan Gilrora Yroll;25
2608470000;Nuvian Qivyre Ailluin Glynrona;25
2606350000;Hywen Ergoenal;25
2631170000;Aubron Ravayra Hywen;25
2736350000;Hywen Alernos;25
2630050000;Tanyth Adris Naeeaen;25
1144010000;Raiaril Tanyth Adris;25
2230032205;Lyaidrach Lhoris Aeroris;25
2259151343;Alluin Balsatra Ergoenal;25
2634310000;Syvis Para Ruehnar Dorren;25
2634650000;Ailluin Glynrona Vulwin Ianxisys;25
2634660000;Lymalla Elidyr Ravawarin;25
1138680000;Aimer Zumlana Khyaenic;25
9827789049;Esecar Elwortho;25
9827789683;Nuvian Qivyre Nethi;25
2603810000;Felaern Ilimaer Gormar Keasalor;25
9823073675;Hagmar Trakrana Hywen;25
9823067338;Gorre Xilven Hywen;25
2630060000;Yroll Phraan Gilrora;25
1161640000;Lyaidrach Raiaril;25
2634950000;Felaern Ilimaer Emmyth Holaven;25
2603240000;Juprel Aubron Ravayra;25
2666910000;Alluin Payarus Phraan Gilrora;25
2239974664;Emmyth Genquinal Tanyth Adris;25
2269348339;Daridia Elwortho;25
2261305697;Nuvian Qivyre Aimon Mirahice;25
2264089150;Venali Helerona Daridia;25
9824607179;Gormar Keasalor Aher;25
1132020000;Phraan Gilrora Syvis Para;25
2600590000;Ergoenal Venali Helerona;25
2275836698;Nuvian Qivyre Aubron Ravayra;25
2272351596;Syvis Para Lethonel Chaexisys;25
2635370000;Esecar Lyaidrach;25
2636080000;Halueve Xyrgeiros Tanyth Grestina;25
2638690000;Halueve Xyrgeiros Nethi;25
2300006615;Ilorissa Syvis Para;25
2667040000;Nopsrin Hywen;25
1132490000;Ciliren Raloric Tanyth Grestina;25
2626500000;Lyaidrach Halueve Xyrgeiros;25
2636380000;Daridia Aimer Zumlana;25
2638750000;Nopsrin Tannyll Elanorin;25
2272028403;Daridia Elidyr Ravawarin;25
1161590000;Omcia Avourel Norhice;25
1132460000;Ilorissa Elroaen;25
2636050000;Ruehnar Dorren Theodre Uritoris;25
1132000000;Avourel Norhice Yroll;25
1132010000;Lhoris Aeroris Kilyn Genharice;25
2634400000;Nethi Aubron Ravayra;25
2638530000;Tanyth Grestina Theodre Uritoris;25
1138610000;Alluin Balsatra Tanyth Adris;25
2666860000;Raiaril Ruehnar Dorren;25
3313080000;Vulwin Ianxisys Alluin Payarus;25
3313070000;Larongar Zylwynn Ailluin Glynrona;25
1161690000;Naeeaen Arteyrria;25
2627510000;Itham Fardi Aimon Mirahice;25
2259296825;Lhoris Aeroris Kilyn Genharice;25
2636410000;Phraan Gilrora Aimer Zumlana;25
2249005589;Theodre Uritoris Tanyth Adris;25
2610170000;Emmyth Genquinal Tannyll Elanorin;25
1131920000;Alluin Balsatra Hagmar Trakrana;25
1144040000;Raiaril Vulwin Ianxisys;25
2623130000;Aimer Zumlana Alluin Payarus;25
1161680000;Syvis Para Tanyth Grestina;25
1142740000;Lethonel Chaexisys Yroll;25
2610120000;Ailluin Glynrona Phraan Gilrora;25
4556670000;Lhoris Aeroris Vulwin Ianxisys;25
2274246596;Isilynor Bineiros Tanyl Palee;25
2274429740;Respen Beinan Yroll;25
1138770000;Elroaen Hagmar Trakrana;25
2272357934;Elroaen Elwortho;25
1132380000;Alluin Payarus Itham Fardi;25
9821933542;Emmyth Genquinal Hagmar Trakrana;25
9821934176;Taeral Naezana Halueve Xyrgeiros;25
9821768776;Kilyn Genharice Esecar;25
9821769410;Esecar Lhoris Aeroris;25
2666410000;Nethi Kilyn Genharice;25
2609880000;Lyaidrach Hagmar Trakrana;25
2609940000;Mnementh Elric Juprel;25
9867301723;Khyaenic Theodred Bisatra;25
2274247230;Tanyl Wranditha Larongar Zylwynn;25
4556550000;Aimer Zumlana Khyaenic;25
1144050000;Larongar Zylwynn Elidyr Ravawarin;25
2637380000;Gorre Xilven Aimon Mirahice;25
2667110000;Elwortho Kilyn Genharice;25
1161700000;Lhoris Aeroris Respen Beinan;25
2603550000;Phraan Gilrora Galan Bryneiros;25
2602400000;Aubron Ravayra Naeeaen;25
9867301089;Syvis Para Tanyth Grestina;25
3311210000;Daridia Isilynor Bineiros;25
2633810000;Elwortho Taeral Naezana;25
2744360000;Theodred Bisatra Theodred Bisatra;25
3312880000;Naeeaen Elidyr Ravawarin;25
2667010000;Khyaenic Juprel;25
4556700000;Mnementh Elric Aher;25
2624890000;Theodred Bisatra Hywen;25
9827859689;Travaran Qinwenys Larongar Zylwynn;25
2610110000;Yroll Emmyth Holaven;25
2635630000;Itham Fardi Arteyrria;25
2636090000;Yroll Hagmar Trakrana;25
2736360000;Mnementh Elric Larongar Zylwynn;25
2635380000;Hywen Emmyth Holaven;25
2744400000;Aimer Zumlana Isilynor Bineiros;25
2634280000;Lhoris Aeroris Nuvian Qivyre;25
1132390000;Isilynor Bineiros Lethonel Chaexisys;25
2259094036;Lyaidrach Mnementh Elric;25
1147880000;Theodred Bisatra Respen Beinan;25
2666890000;Omcia Tanyl Palee;25
2610270000;Omcia Tanyl Palee;25
2264860754;Respen Beinan Travaran Qinwenys;25
2736180000;Lhoris Aeroris Ruehnar Dorren;25
4556690000;Syvis Para Omcia;25
2628940000;Theodred Bisatra Lymalla;25
2600430000;Aubron Ravayra Nuvian Qivyre;25
2667130000;Venali Helerona Lymalla;25
2637370000;Travaran Qinwenys Tannyll Elanorin;25
2661990000;Ailluin Glynrona Taeral Naezana;25
2625980000;Juprel Elwortho;25
9849981508;Isilynor Bineiros Tanyl Wranditha;25
2636230000;Nuvian Qivyre Felaern Ilimaer;25
2635030000;Travaran Qinwenys Alluin Balsatra;25
4556600000;Venali Helerona Khyaenic;25
1132500000;Phraan Gilrora Emmyth Holaven;25
2636160000;Phraan Gilrora Kilyn Genharice;25
9762262877;Nuvian Qivyre Nethi;25
2610290000;Felaern Ilimaer Elwortho;25
2507320000;Alluin Balsatra Omcia;25
2248068181;Travaran Qinwenys Theodred Bisatra;25
2272978700;Kilyn Genharice Lhoris Aeroris;25
2667090000;Travaran Qinwenys Theodred Bisatra;25
2636460000;Aubron Ravayra Venali Helerona;25
2274702401;Esecar Lyaidrach;25
2636140000;Nethi Aimon Mirahice;25
2636450000;Vulwin Ianxisys Syvis Para;25
4556580000;Daridia Raiaril;25
1141720000;Travaran Qinwenys Aimer Zumlana;25
1141730000;Naeeaen Elroaen;25
1141740000;Omcia Felaern Ilimaer;25
2628930000;Gorre Xilven Theodred Bisatra;25
2624180000;Gormar Keasalor Daridia;25
2638490000;Yroll Tanyth Adris;25
9810716108;Hagmar Trakrana Ilorissa;25
2736370000;Avourel Norhice Arteyrria;25
2635400000;Tanyl Wranditha Ergoenal;25
2273796140;Tanyth Grestina Daridia;25
2272991375;Theodred Bisatra Hywen;25
2637600000;Juprel Aubron Ravayra;25
2636150000;Alernos Lymalla;25
2636330000;Aubron Ravayra Elidyr Ravawarin;25
2609970000;Felaern Ilimaer Aher;25
2276356292;Mnementh Elric Syvis Para;25
2276362629;Galan Bryneiros Lethonel Chaexisys;25
2639300000;Naeeaen Khyaenic;25
4556570000;Lethonel Chaexisys Galan Bryneiros;25
2606580000;Aubron Ravayra Aher;40
2600470000;Raiaril Ruehnar Dorren;40
2610220000;Lyaidrach Syvis Para;40
2630670000;Tanyth Adris Kilyn Genharice;40
2608020000;Travaran Qinwenys Aimer Zumlana;40
4556680000;Yroll Phraan Gilrora;40
2271394328;Yroll Emmyth Holaven;40
2638740000;Hywen Emmyth Holaven;40
2629130000;Nuvian Qivyre Nethi;40
2635390000;Aubron Ravayra Emmyth Holaven;40
2625680000;Juprel Hywen;40
2632560000;Aher Elroaen;40
4556650000;Ruehnar Dorren Nopsrin;40
9867294119;Lethonel Chaexisys Lhoris Aeroris;40
2609980000;Lethonel Chaexisys Alernos;40
892860000;Ilorissa Alluin Balsatra;40
2248136894;Vulwin Ianxisys Theodred Bisatra;40
2542240000;Tanyth Grestina Vulwin Ianxisys;40
2542260000;Emmyth Holaven Ilorissa;40
4556640000;Avourel Norhice Lymalla;40
2249378973;Lyaidrach Venali Helerona;40
2636240000;Halueve Xyrgeiros Itham Fardi;40
2609920000;Juprel Tannyll Elanorin;40
2610020000;Juprel Elwortho;40
2632570000;Ergoenal Tanyth Adris;40
2632620000;Tanyl Wranditha Lymalla;40
2632520000;Arteyrria Gormar Keasalor;40
2634170000;Theodre Uritoris Tanyth Adris;40
2273580728;Aimer Zumlana Emmyth Genquinal;40
2265380240;Larongar Zylwynn Elidyr Ravawarin;40
2275779480;Kilyn Genharice Lethonel Chaexisys;40
9827738365;Aubron Ravayra Mnementh Elric;40
2632730000;Elwortho Felaern Ilimaer;40
9827738998;Respen Beinan Arteyrria;40
2610370000;Aher Raiaril;40
1139370000;Ruehnar Dorren Raiaril;40
2635790000;Halueve Xyrgeiros Emmyth Holaven;40
2632720000;Daridia Lethonel Chaexisys;40
2632680000;Alluin Payarus Phraan Gilrora;40
1139010000;Gormar Keasalor Tanyl Wranditha;40
2610630000;Hagmar Trakrana Tannyll Elanorin;40
2635810000;Respen Beinan Naeeaen;40
4556730000;Alluin Payarus Phraan Gilrora;40
2507860000;Gorre Xilven Elroaen;40
4556630000;Avourel Norhice Elwortho;40
1142780000;Theodre Uritoris Lhoris Aeroris;40
2273333403;Theodre Uritoris Tanyth Adris;40
2273352414;Khyaenic Felaern Ilimaer;40
2623840000;Felaern Ilimaer Arteyrria;40
2632750000;Avourel Norhice Mnementh Elric;40
2632810000;Aimon Mirahice Lymalla;40
4556740000;Elwortho Naeeaen;40
2272985038;Aher Tanyth Grestina;40
2638630000;Nethi Tannyll Elanorin;40
2507750000;Alluin Payarus Larongar Zylwynn;40
2631020000;Itham Fardi Tanyth Adris;40
2632710000;Hywen Halueve Xyrgeiros;40
2631400000;Alluin Payarus Kilyn Genharice;40
2624730000;Naeeaen Aimon Mirahice;40
2621580000;Emmyth Holaven Alernos;40
1140440000;Omcia Venali Helerona;40
2637920000;Phraan Gilrora Emmyth Holaven;40
1139030000;Tanyl Palee Alernos;40
1139040000;Taeral Naezana Nethi;40
2606520000;Elwortho Naeeaen;40
1138810000;Naeeaen Lymalla;40
4556840000;Lethonel Chaexisys Hywen;40
1132040000;Vulwin Ianxisys Galan Bryneiros;40
2632760000;Elwortho Tanyth Grestina;40
2624900000;Esecar Omcia;40
2632820000;Mnementh Elric Larongar Zylwynn;40
2635410000;Ruehnar Dorren Aimer Zumlana;40
1132050000;Lyaidrach Tanyl Palee;40
1142240000;Omcia Alluin Balsatra;40
1144070000;Tanyl Wranditha Emmyth Holaven;40
4556720000;Galan Bryneiros Gorre Xilven;40
4556790000;Nethi Alluin Balsatra;40
1132070000;Aimon Mirahice Ciliren Raloric;40
2275178149;Raiaril Ailluin Glynrona;40
1132100000;Venali Helerona Respen Beinan;40
1147960000;Omcia Nuvian Qivyre;40
1147980000;Theodred Bisatra Ailluin Glynrona;40
2637930000;Emmyth Genquinal Aubron Ravayra;40
1142230000;Esecar Naeeaen;40
2632550000;Aimon Mirahice Nethi;40
2507700000;Isilynor Bineiros Tanyl Palee;40
9827839049;Tanyth Grestina Daridia;40
1147970000;Alluin Payarus Kilyn Genharice;40
1142380000;Theodre Uritoris Emmyth Genquinal;40
2275178783;Aimer Zumlana Tanyth Adris;40
2619950000;Hagmar Trakrana Larongar Zylwynn;40
2248086197;Khyaenic Nethi;40
2269543973;Nuvian Qivyre Nethi;40
4556780000;Naeeaen Hagmar Trakrana;40
2630800000;Theodre Uritoris Ergoenal;40
2630840000;Itham Fardi Alluin Payarus;40
2269024150;Ruehnar Dorren Khyaenic;40
2269062173;Lymalla Lethonel Chaexisys;40
1132030000;Vulwin Ianxisys Alluin Balsatra;40
2263941761;Venali Helerona Isilynor Bineiros;40
3312340000;Alluin Balsatra Aimon Mirahice;40
4556770000;Vulwin Ianxisys Syvis Para;40
1138830000;Respen Beinan Elroaen;40
1138710000;Avourel Norhice Arteyrria;40
2271267509;Halueve Xyrgeiros Emmyth Holaven;40
2507670000;Gormar Keasalor Lhoris Aeroris;40
1142320000;Mnementh Elric Emmyth Genquinal;40
1142330000;Syvis Para Ruehnar Dorren;40
1142360000;Nethi Gorre Xilven;40
2625370000;Aubron Ravayra Mnementh Elric;40
1138700000;Respen Beinan Tanyl Palee;40
4556750000;Lyaidrach Lhoris Aeroris;40
1132060000;Travaran Qinwenys Emmyth Holaven;40
9867294752;Esecar Lyaidrach;40
9827770038;Ergoenal Tanyth Adris;40
4556800000;Ergoenal Syvis Para;40
2271933891;Mnementh Elric Tanyl Wranditha;40
4556810000;Raiaril Tannyll Elanorin;40
1142260000;Alernos Syvis Para;40
1142270000;Ilorissa Omcia;40
1142280000;Theodre Uritoris Mnementh Elric;40
1142300000;Aimer Zumlana Alluin Payarus;40
2507680000;Respen Beinan Mnementh Elric;40
1142250000;Felaern Ilimaer Gormar Keasalor;40
2249245893;Esecar Lyaidrach;40
2273004049;Lyaidrach Tanyl Palee;40
2628970000;Travaran Qinwenys Venali Helerona;40
2635900000;Nuvian Qivyre Nethi;40
2622290000;Vulwin Ianxisys Theodred Bisatra;40
1144100000;Ilorissa Theodre Uritoris;40
3380720000;Isilynor Bineiros Respen Beinan;40
2275171812;Hagmar Trakrana Emmyth Holaven;40
1142310000;Avourel Norhice Yroll;40
4556820000;Venali Helerona Nethi;40
1142350000;Alluin Payarus Nethi;40
